{
  "version": "1.0",
  "defaultProvider": "cdnjs",
  "libraries": [
    {
      "library": "twitter-bootstrap@4.3.0",
      "destination": "wwwroot/lib/bootstrap/"
    },
    {
      "library": "jquery@3.4.1",
      "destination": "wwwroot/lib/jquery/"
    },
    {
      "library": "jquery-validate@1.19.2",
      "destination": "wwwroot/lib/jquery-validate/"
    },
    {
      "library": "jquery-validation-unobtrusive@3.2.11",
      "destination": "wwwroot/lib/jquery-validation-unobtrusive/"
    },
    {
      "library": "font-awesome@5.14.0",
      "destination": "wwwroot/lib/font-awesome/"
    },
    {
      "library": "angular.js@1.7.8",
      "destination": "wwwroot/lib/angular.js/"
    },
    {
      "library": "angular-route@1.8.0",
      "destination": "wwwroot/lib/angular-route/"
    }
  ]
}